<?xml version="1.0" encoding="UTF-8" standalone="yes"?>
<addon id="service.downloadmanager.InternetPVR"
       name="Internet PVR Suite"
       version="1.1.1"
       provider-name="TinyHTPC.co.nz">
  <requires>
    <import addon="xbmc.addon" version="12.0.0"/>
    <import addon="xbmc.python" version="2.1.0"/>
    <import addon="service.downloadmanager.transmission" version="0.1.0"/>
  </requires>
  <extension point="xbmc.python.script"
             library="default.py">
        <provides>executable</provides>
  </extension>
  <extension point="xbmc.service"
             library="service.py">
  </extension>
  <extension point="xbmc.addon.metadata">
    <summary lang="en">InternetPVR is a Media tracking suit which combines the programs: SickBeard, CouchPotato V2 and Headphones in one Addon</summary>
    <description lang="en">
 - Sickbeard: Tracks your TVShows and automatically downloads the next one when it becomes available.
 - Couchpotato: Automatically searches for and downloads your Movie torrents according to your requests.
 - Headphones: Automatically searches for and downloads Music.

InternetPVR is a fork of lsellens' SickPotatoHead.
    </description>
    <platform>linux</platform>
  </extension>
</addon>
